measure,core_measure,domains,owner,sub_variable_id,sub_variable,relation,direction,variable,produced,description,units,statistic,scale,notes
2,Global Urban Heat Vulnerability Index (GUHVI),Ambient environment,Carl,382,Heat exposure,direct,lower_is_better,urban_heat_exposure_index,True,"Heat Exposure Index (HEI): the heat exposure sub-index, derived from land surface temperature",index 0-1,mean,"city, grid, custom: agebs, custom: manzanas, custom: condesa_lotes, custom: condesa_fraccionamientos, custom: region_mexicali, custom: region_condesa",
2,Global Urban Heat Vulnerability Index (GUHVI),Ambient environment,Carl,382,Heat exposure,direct,lower_is_better,urban_heat_land_surface_temp_c,True,"Land surface temperature (°C): the temperature of the Earth’s surface, indicating the lived experience of heat (Landsat 8 surface reflectance, hottest third of the year)",degrees Celsius,mean,"city, grid, custom: agebs, custom: manzanas, custom: condesa_lotes, custom: condesa_fraccionamientos, custom: region_mexicali, custom: region_condesa",
2,Global Urban Heat Vulnerability Index (GUHVI),Ambient environment,Carl,,Heat sensitivity,direct,lower_is_better,urban_heat_sensitivity_index,True,"Heat Sensitivity Index (HSI): the equally weighted heat sensitivity sub-index of land surface albedo, NDVI, NDBI, local climate zone, population density and vulnerable population",index 0-1,mean,"city, grid, custom: agebs, custom: manzanas, custom: condesa_lotes, custom: condesa_fraccionamientos, custom: region_mexicali, custom: region_condesa",
2,Global Urban Heat Vulnerability Index (GUHVI),Ambient environment,Carl,,Heat sensitivity,direct,lower_is_better,urban_heat_land_surface_albedo,True,"Land surface albedo: solar reflectance, where higher reflectance implies less surface heat retention (inverted, so that higher values indicate greater heat vulnerability)",proportion 0-1,mean,"city, grid, custom: agebs, custom: manzanas, custom: condesa_lotes, custom: condesa_fraccionamientos, custom: region_mexicali, custom: region_condesa",
2,Global Urban Heat Vulnerability Index (GUHVI),Ambient environment,Carl,,Heat sensitivity,direct,lower_is_better,urban_heat_ndvi,True,"Normalised Difference Vegetation Index (NDVI): a spectral index of vegetation health and greenness (inverted, so that higher values indicate greater heat vulnerability)",index -1 to 1,mean,"city, grid, custom: agebs, custom: manzanas, custom: condesa_lotes, custom: condesa_fraccionamientos, custom: region_mexicali, custom: region_condesa",
2,Global Urban Heat Vulnerability Index (GUHVI),Ambient environment,Carl,,Heat sensitivity,direct,lower_is_better,urban_heat_local_climate_zone_ordered,True,"Local Climate Zone: a standardised classification of land cover typologies for urban heat island studies, ordered from least heat retaining (water) to most heat retaining (bare rock or paved)",ordered class,category,"city, grid, custom: agebs, custom: manzanas, custom: condesa_lotes, custom: condesa_fraccionamientos, custom: region_mexicali, custom: region_condesa",
2,Global Urban Heat Vulnerability Index (GUHVI),Ambient environment,Carl,,Heat sensitivity,direct,lower_is_better,urban_heat_population_density_per_sqkm,True,"Population density (persons per km²), from the GHS-POP global human settlement population grid",persons per km²,mean,"city, grid, custom: agebs, custom: manzanas, custom: condesa_lotes, custom: condesa_fraccionamientos, custom: region_mexicali, custom: region_condesa",
2,Global Urban Heat Vulnerability Index (GUHVI),Ambient environment,Carl,,Heat sensitivity,direct,lower_is_better,urban_heat_vulnerable_pop_pct,True,"Vulnerable population (%): those most at risk from heat on the basis of age, being the combined proportion of the population aged 0–4 and 65+ years",percent,percentage,"city, grid, custom: agebs, custom: manzanas, custom: condesa_lotes, custom: condesa_fraccionamientos, custom: region_mexicali, custom: region_condesa",
2,Global Urban Heat Vulnerability Index (GUHVI),Ambient environment,Carl,,Adaptive capability,direct,higher_is_better,urban_heat_adaptive_capability_index,True,"Adaptive Capability Index (ACI): the equally weighted adaptive capability sub-index of child dependency ratio, subnational Human Development Index and infant mortality rate; higher values indicate lower adaptive capability",index 0-1,mean,"city, grid, custom: agebs, custom: manzanas, custom: condesa_lotes, custom: condesa_fraccionamientos, custom: region_mexicali, custom: region_condesa",
2,Global Urban Heat Vulnerability Index (GUHVI),Ambient environment,Carl,,Adaptive capability,direct,higher_is_better,urban_heat_child_dependency_ratio,True,"Child dependency ratio: children (aged 0–14 years) relative to the working age population (15–64 years), indicating economic reliance",ratio,mean,"city, grid, custom: agebs, custom: manzanas, custom: condesa_lotes, custom: condesa_fraccionamientos, custom: region_mexicali, custom: region_condesa",
2,Global Urban Heat Vulnerability Index (GUHVI),Ambient environment,Carl,,Adaptive capability,direct,higher_is_better,urban_heat_subnational_hdi,True,"Subnational Human Development Index: human well-being assessed through education, health and standard of living",index 0-1,mean,"city, grid, custom: agebs, custom: manzanas, custom: condesa_lotes, custom: condesa_fraccionamientos, custom: region_mexicali, custom: region_condesa",
2,Global Urban Heat Vulnerability Index (GUHVI),Ambient environment,Carl,,Adaptive capability,direct,higher_is_better,urban_heat_infant_mortality_rate,True,"Infant mortality rate: deaths of children under 1 year of age per 1000 live births, a key indicator of population health","deaths per 1,000 live births",mean,"city, grid, custom: agebs, custom: manzanas, custom: condesa_lotes, custom: condesa_fraccionamientos, custom: region_mexicali, custom: region_condesa",
2,Global Urban Heat Vulnerability Index (GUHVI),Ambient environment,Carl,,Overall vulnerability,direct,lower_is_better,urban_heat_guhvi,True,"Global Urban Heat Vulnerability Index (GUHVI): the equally weighted composite of the Heat Exposure, Heat Sensitivity and Adaptive Capability indices, (HEI + HSI + ACI) / 3",index 0-1,mean,"city, grid, custom: agebs, custom: manzanas, custom: condesa_lotes, custom: condesa_fraccionamientos, custom: region_mexicali, custom: region_condesa",
2,Global Urban Heat Vulnerability Index (GUHVI),Ambient environment,Carl,,Overall vulnerability,direct,lower_is_better,urban_heat_guhvi_class,True,"Global Urban Heat Vulnerability Index (GUHVI) class, from 1 (least vulnerable) to 5 (most vulnerable)",class 1-5,category,"city, grid, custom: agebs, custom: manzanas, custom: condesa_lotes, custom: condesa_fraccionamientos, custom: region_mexicali, custom: region_condesa",
2,Global Urban Heat Vulnerability Index (GUHVI),Ambient environment,Carl,,Overall vulnerability,direct,lower_is_better,pct_urban_heat_guhvi_class_5_most_vulnerable,True,"Percentage of population in Global Urban Heat Vulnerability Index (GUHVI) class 5, the most vulnerable class",percent,percentage,"city, grid, custom: agebs, custom: manzanas, custom: condesa_lotes, custom: condesa_fraccionamientos, custom: region_mexicali, custom: region_condesa",
5,Large Public Open Spaces Accessibility,Ambient environment; Built environment,Juan,"91, 187",Percentage of population with access to LPUGS within 500 m,direct,higher_is_better,pct_access_500m_large_public_green_space_score,True,"Percentage of population with access within 500 m of a large public green space of at least 1 hectare (source: OpenStreetMap, Google Earth Engine)",percent,percentage,"grid, custom: manzanas, custom: condesa_lotes",
5,Large Public Open Spaces Accessibility,Ambient environment; Built environment,Juan,"91, 187",Percentage of population with access to LPUGS within 500 m,direct,higher_is_better,pop_pct_access_500m_large_public_green_space_score,True,"Percentage of population with access within 500 m of a large public green space of at least 1 hectare (source: OpenStreetMap, Google Earth Engine) (population weighted)",percent,percentage,"city, custom: agebs, custom: condesa_fraccionamientos, custom: region_mexicali, custom: region_condesa",
5,Large Public Open Spaces Accessibility,Ambient environment; Built environment,Juan,"91, 187",Percentage of total land area within 500 m of LPUGS,complementary,higher_is_better,pct_access_500m_large_public_green_space_score,True,"Percentage of population with access within 500 m of a large public green space of at least 1 hectare (source: OpenStreetMap, Google Earth Engine)",percent,percentage,"grid, custom: manzanas, custom: condesa_lotes","GHSCI reports the share of the population, and of sample points, not of land area.  In Condesa, which is platted but largely unoccupied, those differ substantially and the distinction matters: a land area share would count the empty lots, a population share effectively will not."
6,Large Public Open Spaces Availability,Ambient environment; Built environment,Juan,"91, 187",Percentage of total land area that is LPUGS,component,higher_is_better,,False,,,,,"The Earth Engine step produces the large_public_urban_green_space polygon layer, but no land area share is written as an indicator column.  The input is supplied; the share is a straightforward derivation from it, and is not currently delivered."
6,Large Public Open Spaces Availability,Ambient environment; Built environment,Juan,"91, 187",Percentage of total land area with annual average NDVI >= 0.2,component,higher_is_better,urban_heat_ndvi,True,"Normalised Difference Vegetation Index (NDVI): a spectral index of vegetation health and greenness (inverted, so that higher values indicate greater heat vulnerability)",index -1 to 1,mean,"city, grid, custom: agebs, custom: manzanas, custom: condesa_lotes, custom: condesa_fraccionamientos, custom: region_mexicali, custom: region_condesa","As above: the lpugs_overall_greenery raster (NDVI >= 0.2) is produced, the area share is not.  urban_heat_ndvi gives mean NDVI per cell, which is a different quantity from the share of land above a threshold."
7,Access to parks,Ambient environment; Built environment,Juan,162,"Access to parks (local, neighbourhood, district, regional)",proxy,higher_is_better,avg_walk_dist_public_open_space_any,True,Average distance (m) along the pedestrian network to the nearest public open space (source: OpenStreetMap),metres,mean,"grid, custom: agebs, custom: manzanas, custom: condesa_lotes, custom: condesa_fraccionamientos, custom: region_mexicali, custom: region_condesa","GHSCI distinguishes open space by area, not by the park hierarchy the sub-variable names; a local / neighbourhood / district / regional classification would have to come from a municipal inventory."
7,Access to parks,Ambient environment; Built environment,Juan,162,"Access to parks (local, neighbourhood, district, regional)",proxy,higher_is_better,avg_walk_dist_public_open_space_large,True,Average distance (m) along the pedestrian network to the nearest public open space larger than 1.5 hectares (source: OpenStreetMap),metres,mean,"grid, custom: agebs, custom: manzanas, custom: condesa_lotes, custom: condesa_fraccionamientos, custom: region_mexicali, custom: region_condesa","GHSCI distinguishes open space by area, not by the park hierarchy the sub-variable names; a local / neighbourhood / district / regional classification would have to come from a municipal inventory."
7,Access to parks,Ambient environment; Built environment,Juan,162,Population with access to parks,direct,higher_is_better,pct_access_500m_public_open_space_any_score,True,Percentage of population with access within 500 m of any public open space (source: OpenStreetMap),percent,percentage,"grid, custom: manzanas, custom: condesa_lotes",
7,Access to parks,Ambient environment; Built environment,Juan,162,Population with access to parks,direct,higher_is_better,pct_access_500m_public_open_space_large_score,True,Percentage of population with access within 500 m of a public open space larger than 1.5 hectares (source: OpenStreetMap),percent,percentage,"grid, custom: manzanas, custom: condesa_lotes",
7,Access to parks,Ambient environment; Built environment,Juan,162,Population with access to parks,direct,higher_is_better,pct_access_walk_public_open_space_any_500m,True,Percentage of population with walking access within 500 m to any public open space (source: OpenStreetMap),percent,percentage,"grid, custom: agebs, custom: manzanas, custom: condesa_lotes, custom: condesa_fraccionamientos, custom: region_mexicali, custom: region_condesa",
7,Access to parks,Ambient environment; Built environment,Juan,162,Population with access to parks,direct,higher_is_better,pct_access_walk_public_open_space_large_500m,True,Percentage of population with walking access within 500 m to a public open space larger than 1.5 hectares (source: OpenStreetMap),percent,percentage,"grid, custom: agebs, custom: manzanas, custom: condesa_lotes, custom: condesa_fraccionamientos, custom: region_mexicali, custom: region_condesa",
8,Available natural blue spaces,Ambient environment,Rodolfo,10,Available natural blue spaces,complementary,higher_is_better,pct_access_walk_blue_space_500m,True,"Percentage of population with walking access within 500 m to a natural blue space -- a river, canal, drain, lake, reservoir, wetland, beach or coast (source: OpenStreetMap or custom data)",percent,percentage,"grid, custom: agebs, custom: manzanas, custom: condesa_lotes, custom: condesa_fraccionamientos, custom: region_mexicali, custom: region_condesa","The workbook specifies an MNDWI-derived score banded by Euclidean distance from water (< 200 m, 200-500 m, 500-1000 m, 1000-1500 m). What is delivered here is network distance to reachable water, which is an accessibility measure rather than an availability one and will not reproduce those bands.  Reported alongside, not instead of. 'blue_space' covers rivers, canals, drains, lakes, wetlands, beaches and coast, including canals mapped as ways, which is most of Mexicali's blue space; 'public_open_space_with_water' is the narrower question of a park that contains water."
8,Available natural blue spaces,Ambient environment,Rodolfo,10,Available natural blue spaces,complementary,higher_is_better,avg_walk_dist_blue_space,True,"Average distance (m) along the pedestrian network to the nearest natural blue space -- a river, canal, drain, lake, reservoir, wetland, beach or coast (source: OpenStreetMap or custom data)",metres,mean,"grid, custom: agebs, custom: manzanas, custom: condesa_lotes, custom: condesa_fraccionamientos, custom: region_mexicali, custom: region_condesa","The workbook specifies an MNDWI-derived score banded by Euclidean distance from water (< 200 m, 200-500 m, 500-1000 m, 1000-1500 m). What is delivered here is network distance to reachable water, which is an accessibility measure rather than an availability one and will not reproduce those bands.  Reported alongside, not instead of. 'blue_space' covers rivers, canals, drains, lakes, wetlands, beaches and coast, including canals mapped as ways, which is most of Mexicali's blue space; 'public_open_space_with_water' is the narrower question of a park that contains water."
8,Available natural blue spaces,Ambient environment,Rodolfo,10,Available natural blue spaces,complementary,higher_is_better,pct_access_walk_public_open_space_with_water_500m,True,"Percentage of population with walking access within 500 m to a public open space containing water, such as a park with a lake (source: OpenStreetMap)",percent,percentage,"grid, custom: agebs, custom: manzanas, custom: condesa_lotes, custom: condesa_fraccionamientos, custom: region_mexicali, custom: region_condesa","The workbook specifies an MNDWI-derived score banded by Euclidean distance from water (< 200 m, 200-500 m, 500-1000 m, 1000-1500 m). What is delivered here is network distance to reachable water, which is an accessibility measure rather than an availability one and will not reproduce those bands.  Reported alongside, not instead of. 'blue_space' covers rivers, canals, drains, lakes, wetlands, beaches and coast, including canals mapped as ways, which is most of Mexicali's blue space; 'public_open_space_with_water' is the narrower question of a park that contains water."
8,Available natural blue spaces,Ambient environment,Rodolfo,10,Available natural blue spaces,complementary,higher_is_better,avg_walk_dist_public_open_space_with_water,True,"Average distance (m) along the pedestrian network to the nearest public open space containing water, such as a park with a lake (source: OpenStreetMap)",metres,mean,"grid, custom: agebs, custom: manzanas, custom: condesa_lotes, custom: condesa_fraccionamientos, custom: region_mexicali, custom: region_condesa","The workbook specifies an MNDWI-derived score banded by Euclidean distance from water (< 200 m, 200-500 m, 500-1000 m, 1000-1500 m). What is delivered here is network distance to reachable water, which is an accessibility measure rather than an availability one and will not reproduce those bands.  Reported alongside, not instead of. 'blue_space' covers rivers, canals, drains, lakes, wetlands, beaches and coast, including canals mapped as ways, which is most of Mexicali's blue space; 'public_open_space_with_water' is the narrower question of a park that contains water."
13,Pedestrian infrastructure presence,Built environment; Mobility & Transport; Safety,Juan,"362, 74",Street connectivity,direct,higher_is_better,local_nh_intersection_density,True,Average walkable neighbourhood intersection density (intersections per km²) of sample points in this area,count per km²,mean,"city, grid, custom: agebs, custom: manzanas, custom: condesa_lotes, custom: condesa_fraccionamientos, custom: region_mexicali, custom: region_condesa",
13,Pedestrian infrastructure presence,Built environment; Mobility & Transport; Safety,Juan,,Block size,not_covered,lower_is_better,,False,,,,,
13,Pedestrian infrastructure presence,Built environment; Mobility & Transport; Safety,Juan,75,Sidewalk coverage,not_covered,higher_is_better,,False,,,,,OpenStreetMap sidewalk tagging in Mexicali is too sparse to support this.
14,Public-transport access,Mobility & Transport,Carl,26,Access to public transport stops,proxy,higher_is_better,pct_access_walk_pt_any_500m,True,Percentage of population with walking access within 500 m to any public transport stop (best result of GTFS and OpenStreetMap/custom sources),percent,percentage,"grid, custom: agebs, custom: manzanas, custom: condesa_lotes, custom: condesa_fraccionamientos, custom: region_mexicali, custom: region_condesa","Mexicali has no GTFS feed, so service frequency cannot be measured and the frequent-stop indicator is not produced.  Per the workbook's own implementation note this is transit-stop proximity, not transit access, and must be labelled as such.  Stops come from the IMIP equipamiento layer pooled with OpenStreetMap."
14,Public-transport access,Mobility & Transport,Carl,26,Access to public transport stops,proxy,higher_is_better,avg_walk_dist_pt_any,True,Average distance (m) along the pedestrian network to the nearest public transport stop (best result of GTFS and OpenStreetMap/custom sources),metres,mean,"grid, custom: agebs, custom: manzanas, custom: condesa_lotes, custom: condesa_fraccionamientos, custom: region_mexicali, custom: region_condesa","Mexicali has no GTFS feed, so service frequency cannot be measured and the frequent-stop indicator is not produced.  Per the workbook's own implementation note this is transit-stop proximity, not transit access, and must be labelled as such.  Stops come from the IMIP equipamiento layer pooled with OpenStreetMap."
14,Public-transport access,Mobility & Transport,Carl,223,Access to co-location of recreational areas with public transport,not_covered,higher_is_better,,False,,,,,"The activity centre machinery answers exactly this shape of question -- a location whose own walkable catchment reaches every required category -- but none of the five definitions configured for Mexicali pairs recreation with public transport.  Adding one is a single configuration entry; it has not been agreed, so it is not claimed. The nearest existing measures are the civic centre (community, culture, sport) and the jobs centre, which does include public transport."
15,Daily essential-services access,Social infrastructure; Mobility & Transport; Economic development,Carl,"129, 11, 367",Access to fresh food,direct,higher_is_better,pct_access_walk_denue_fresh_food_500m,True,Percentage of population with walking access within 500 m to 'denue fresh food' (custom destination),percent,percentage,"grid, custom: agebs, custom: manzanas, custom: condesa_lotes, custom: condesa_fraccionamientos, custom: region_mexicali, custom: region_condesa",
15,Daily essential-services access,Social infrastructure; Mobility & Transport; Economic development,Carl,"129, 11, 367",Access to fresh food,direct,higher_is_better,avg_walk_dist_denue_fresh_food,True,Average distance (m) along the pedestrian network to the nearest 'denue fresh food' (custom destination),metres,mean,"grid, custom: agebs, custom: manzanas, custom: condesa_lotes, custom: condesa_fraccionamientos, custom: region_mexicali, custom: region_condesa",
15,Daily essential-services access,Social infrastructure; Mobility & Transport; Economic development,Carl,"129, 11, 367",Percentage of population with access to fresh food,direct,higher_is_better,pop_pct_access_walk_denue_fresh_food_500m,True,Percentage of population with walking access within 500 m to 'denue fresh food' (custom destination) (population weighted),percent,percentage,city,
15,Daily essential-services access,Social infrastructure; Mobility & Transport; Economic development,Carl,"129, 11, 367",Diversity of available fresh food,direct,higher_is_better,avg_diversity_walk_fresh_food_500m,True,"Average diversity (0-1) of the 'fresh food' destination sub-types reachable within 500 m along the pedestrian network: the Shannon entropy of the counts of each sub-type, normalised by the number of sub-types defined, so that 1 is an even spread across all of them and 0 is one sub-type only, or nothing reachable at all",index 0-1,mean,"grid, custom: agebs, custom: manzanas, custom: condesa_lotes, custom: condesa_fraccionamientos, custom: region_mexicali, custom: region_condesa","Normalised Shannon entropy over seven sub-types: meat, produce, grains and spices, dairy, supermarket, minisuper, and bakeries and tortillerias.  The last is a category added for this: SCIAN classifies panificacion and tortillerias as manufacturing, so they sat outside every 46xx food code and were invisible to the food indicators, although the workbook names them as fresh food."
15,Daily essential-services access,Social infrastructure; Mobility & Transport; Economic development,Carl,"129, 11, 367",Diversity of available fresh food,direct,higher_is_better,avg_diversity_walk_fresh_food_1000m,True,"Average diversity (0-1) of the 'fresh food' destination sub-types reachable within 1000 m along the pedestrian network: the Shannon entropy of the counts of each sub-type, normalised by the number of sub-types defined, so that 1 is an even spread across all of them and 0 is one sub-type only, or nothing reachable at all",index 0-1,mean,"grid, custom: agebs, custom: manzanas, custom: condesa_lotes, custom: condesa_fraccionamientos, custom: region_mexicali, custom: region_condesa","Normalised Shannon entropy over seven sub-types: meat, produce, grains and spices, dairy, supermarket, minisuper, and bakeries and tortillerias.  The last is a category added for this: SCIAN classifies panificacion and tortillerias as manufacturing, so they sat outside every 46xx food code and were invisible to the food indicators, although the workbook names them as fresh food."
15,Daily essential-services access,Social infrastructure; Mobility & Transport; Economic development,Carl,"129, 11, 367",Diversity of available fresh food,direct,higher_is_better,avg_richness_walk_fresh_food_500m,True,Average share (0-1) of the 'fresh food' destination sub-types with at least one destination reachable within 500 m along the pedestrian network,index 0-1,mean,"grid, custom: agebs, custom: manzanas, custom: condesa_lotes, custom: condesa_fraccionamientos, custom: region_mexicali, custom: region_condesa","Normalised Shannon entropy over seven sub-types: meat, produce, grains and spices, dairy, supermarket, minisuper, and bakeries and tortillerias.  The last is a category added for this: SCIAN classifies panificacion and tortillerias as manufacturing, so they sat outside every 46xx food code and were invisible to the food indicators, although the workbook names them as fresh food."
15,Daily essential-services access,Social infrastructure; Mobility & Transport; Economic development,Carl,"129, 11, 367",Diversity of available fresh food,direct,higher_is_better,avg_count_walk_fresh_food__meat_500m,True,"Average number of 'meat' destinations, a sub-type of 'fresh food', reachable within 500 m along the pedestrian network",count,mean,"grid, custom: agebs, custom: manzanas, custom: condesa_lotes, custom: condesa_fraccionamientos, custom: region_mexicali, custom: region_condesa","Normalised Shannon entropy over seven sub-types: meat, produce, grains and spices, dairy, supermarket, minisuper, and bakeries and tortillerias.  The last is a category added for this: SCIAN classifies panificacion and tortillerias as manufacturing, so they sat outside every 46xx food code and were invisible to the food indicators, although the workbook names them as fresh food."
15,Daily essential-services access,Social infrastructure; Mobility & Transport; Economic development,Carl,"129, 11, 367",Diversity of available fresh food,direct,higher_is_better,avg_count_walk_fresh_food__produce_500m,True,"Average number of 'produce' destinations, a sub-type of 'fresh food', reachable within 500 m along the pedestrian network",count,mean,"grid, custom: agebs, custom: manzanas, custom: condesa_lotes, custom: condesa_fraccionamientos, custom: region_mexicali, custom: region_condesa","Normalised Shannon entropy over seven sub-types: meat, produce, grains and spices, dairy, supermarket, minisuper, and bakeries and tortillerias.  The last is a category added for this: SCIAN classifies panificacion and tortillerias as manufacturing, so they sat outside every 46xx food code and were invisible to the food indicators, although the workbook names them as fresh food."
15,Daily essential-services access,Social infrastructure; Mobility & Transport; Economic development,Carl,"129, 11, 367",Diversity of available fresh food,direct,higher_is_better,avg_count_walk_fresh_food__grains_and_spices_500m,True,"Average number of 'grains and spices' destinations, a sub-type of 'fresh food', reachable within 500 m along the pedestrian network",count,mean,"grid, custom: agebs, custom: manzanas, custom: condesa_lotes, custom: condesa_fraccionamientos, custom: region_mexicali, custom: region_condesa","Normalised Shannon entropy over seven sub-types: meat, produce, grains and spices, dairy, supermarket, minisuper, and bakeries and tortillerias.  The last is a category added for this: SCIAN classifies panificacion and tortillerias as manufacturing, so they sat outside every 46xx food code and were invisible to the food indicators, although the workbook names them as fresh food."
15,Daily essential-services access,Social infrastructure; Mobility & Transport; Economic development,Carl,"129, 11, 367",Diversity of available fresh food,direct,higher_is_better,avg_count_walk_fresh_food__dairy_500m,True,"Average number of 'dairy' destinations, a sub-type of 'fresh food', reachable within 500 m along the pedestrian network",count,mean,"grid, custom: agebs, custom: manzanas, custom: condesa_lotes, custom: condesa_fraccionamientos, custom: region_mexicali, custom: region_condesa","Normalised Shannon entropy over seven sub-types: meat, produce, grains and spices, dairy, supermarket, minisuper, and bakeries and tortillerias.  The last is a category added for this: SCIAN classifies panificacion and tortillerias as manufacturing, so they sat outside every 46xx food code and were invisible to the food indicators, although the workbook names them as fresh food."
15,Daily essential-services access,Social infrastructure; Mobility & Transport; Economic development,Carl,"129, 11, 367",Diversity of available fresh food,direct,higher_is_better,avg_count_walk_fresh_food__supermarket_500m,True,"Average number of 'supermarket' destinations, a sub-type of 'fresh food', reachable within 500 m along the pedestrian network",count,mean,"grid, custom: agebs, custom: manzanas, custom: condesa_lotes, custom: condesa_fraccionamientos, custom: region_mexicali, custom: region_condesa","Normalised Shannon entropy over seven sub-types: meat, produce, grains and spices, dairy, supermarket, minisuper, and bakeries and tortillerias.  The last is a category added for this: SCIAN classifies panificacion and tortillerias as manufacturing, so they sat outside every 46xx food code and were invisible to the food indicators, although the workbook names them as fresh food."
15,Daily essential-services access,Social infrastructure; Mobility & Transport; Economic development,Carl,"129, 11, 367",Diversity of available fresh food,direct,higher_is_better,avg_count_walk_fresh_food__minisuper_500m,True,"Average number of 'minisuper' destinations, a sub-type of 'fresh food', reachable within 500 m along the pedestrian network",count,mean,"grid, custom: agebs, custom: manzanas, custom: condesa_lotes, custom: condesa_fraccionamientos, custom: region_mexicali, custom: region_condesa","Normalised Shannon entropy over seven sub-types: meat, produce, grains and spices, dairy, supermarket, minisuper, and bakeries and tortillerias.  The last is a category added for this: SCIAN classifies panificacion and tortillerias as manufacturing, so they sat outside every 46xx food code and were invisible to the food indicators, although the workbook names them as fresh food."
15,Daily essential-services access,Social infrastructure; Mobility & Transport; Economic development,Carl,"129, 11, 367",Diversity of available fresh food,direct,higher_is_better,avg_count_walk_fresh_food__bakery_tortilleria_500m,True,"Average number of 'bakery tortilleria' destinations, a sub-type of 'fresh food', reachable within 500 m along the pedestrian network",count,mean,"grid, custom: agebs, custom: manzanas, custom: condesa_lotes, custom: condesa_fraccionamientos, custom: region_mexicali, custom: region_condesa","Normalised Shannon entropy over seven sub-types: meat, produce, grains and spices, dairy, supermarket, minisuper, and bakeries and tortillerias.  The last is a category added for this: SCIAN classifies panificacion and tortillerias as manufacturing, so they sat outside every 46xx food code and were invisible to the food indicators, although the workbook names them as fresh food."
15,Daily essential-services access,Social infrastructure; Mobility & Transport; Economic development,Carl,132,Access to convenience stores,direct,higher_is_better,pct_access_walk_denue_food_retail_500m,True,Percentage of population with walking access within 500 m to 'denue food retail' (custom destination),percent,percentage,"grid, custom: agebs, custom: manzanas, custom: condesa_lotes, custom: condesa_fraccionamientos, custom: region_mexicali, custom: region_condesa",
15,Daily essential-services access,Social infrastructure; Mobility & Transport; Economic development,Carl,132,Access to convenience stores,direct,higher_is_better,avg_walk_dist_denue_food_retail,True,Average distance (m) along the pedestrian network to the nearest 'denue food retail' (custom destination),metres,mean,"grid, custom: agebs, custom: manzanas, custom: condesa_lotes, custom: condesa_fraccionamientos, custom: region_mexicali, custom: region_condesa",
15,Daily essential-services access,Social infrastructure; Mobility & Transport; Economic development,Carl,169,Access to petrol station (>= 250 m away),direct,higher_is_better,pct_beyond_walk_denue_petrol_station_250m,True,"Percentage of population living further than 250 m along the pedestrian network from the nearest 'denue petrol station' (custom destination); proximity to this destination is a disamenity, so higher is better",percent,percentage,"grid, custom: agebs, custom: manzanas, custom: condesa_lotes, custom: condesa_fraccionamientos, custom: region_mexicali, custom: region_condesa","A disamenity, so the polarity is carried in the variable name: the share of the population living at least 250 m away, citing evidence of increased relative risk of childhood leukaemia within that distance."
15,Daily essential-services access,Social infrastructure; Mobility & Transport; Economic development,Carl,,Concentration of services within a five minute walk,direct,higher_is_better,pct_access_walk_activity_centre_services_local_500m,True,Percentage of population with walking access within 500 m to an activity centre of the 'services' definition ('local' tier): a network location whose walkable catchment contains at least one destination of each required category,percent,percentage,"grid, custom: agebs, custom: manzanas, custom: condesa_lotes, custom: condesa_fraccionamientos, custom: region_mexicali, custom: region_condesa","The Mexicali collector-road walkability policy's own wording, measured as a 300 m activity centre across food retail, pharmacy, healthcare, primary school and community facilities."
15,Daily essential-services access,Social infrastructure; Mobility & Transport; Economic development,Carl,,Concentration of services within a five minute walk,direct,higher_is_better,pct_access_walk_activity_centre_services_complete_500m,True,Percentage of population with walking access within 500 m to an activity centre of the 'services' definition ('complete' tier): a network location whose walkable catchment contains at least one destination of each required category,percent,percentage,"grid, custom: agebs, custom: manzanas, custom: condesa_lotes, custom: condesa_fraccionamientos, custom: region_mexicali, custom: region_condesa","The Mexicali collector-road walkability policy's own wording, measured as a 300 m activity centre across food retail, pharmacy, healthcare, primary school and community facilities."
16,"Health, education and care access",Social infrastructure,Carl,"180, 246, 379",Access to educational services,direct,higher_is_better,pct_access_walk_denue_preschool_500m,True,Percentage of population with walking access within 500 m to 'denue preschool' (custom destination),percent,percentage,"grid, custom: agebs, custom: manzanas, custom: condesa_lotes, custom: condesa_fraccionamientos, custom: region_mexicali, custom: region_condesa",
16,"Health, education and care access",Social infrastructure,Carl,"180, 246, 379",Access to educational services,direct,higher_is_better,pct_access_walk_denue_primary_school_500m,True,Percentage of population with walking access within 500 m to 'denue primary school' (custom destination),percent,percentage,"grid, custom: agebs, custom: manzanas, custom: condesa_lotes, custom: condesa_fraccionamientos, custom: region_mexicali, custom: region_condesa",
16,"Health, education and care access",Social infrastructure,Carl,"180, 246, 379",Access to educational services,direct,higher_is_better,pct_access_walk_denue_secondary_school_500m,True,Percentage of population with walking access within 500 m to 'denue secondary school' (custom destination),percent,percentage,"grid, custom: agebs, custom: manzanas, custom: condesa_lotes, custom: condesa_fraccionamientos, custom: region_mexicali, custom: region_condesa",
16,"Health, education and care access",Social infrastructure,Carl,"180, 246, 379",Access to educational services,direct,higher_is_better,pct_access_walk_denue_tertiary_education_500m,True,Percentage of population with walking access within 500 m to 'denue tertiary education' (custom destination),percent,percentage,"grid, custom: agebs, custom: manzanas, custom: condesa_lotes, custom: condesa_fraccionamientos, custom: region_mexicali, custom: region_condesa",
16,"Health, education and care access",Social infrastructure,Carl,"180, 246, 379",Diversity of available educational services,direct,higher_is_better,avg_diversity_walk_education_500m,True,"Average diversity (0-1) of the 'education' destination sub-types reachable within 500 m along the pedestrian network: the Shannon entropy of the counts of each sub-type, normalised by the number of sub-types defined, so that 1 is an even spread across all of them and 0 is one sub-type only, or nothing reachable at all",index 0-1,mean,"grid, custom: agebs, custom: manzanas, custom: condesa_lotes, custom: condesa_fraccionamientos, custom: region_mexicali, custom: region_condesa","Over four levels: preschool, primary, secondary and tertiary.  A school combining several levels counts towards each level it serves."
16,"Health, education and care access",Social infrastructure,Carl,"180, 246, 379",Diversity of available educational services,direct,higher_is_better,avg_diversity_walk_education_1000m,True,"Average diversity (0-1) of the 'education' destination sub-types reachable within 1000 m along the pedestrian network: the Shannon entropy of the counts of each sub-type, normalised by the number of sub-types defined, so that 1 is an even spread across all of them and 0 is one sub-type only, or nothing reachable at all",index 0-1,mean,"grid, custom: agebs, custom: manzanas, custom: condesa_lotes, custom: condesa_fraccionamientos, custom: region_mexicali, custom: region_condesa","Over four levels: preschool, primary, secondary and tertiary.  A school combining several levels counts towards each level it serves."
16,"Health, education and care access",Social infrastructure,Carl,"180, 246, 379",Diversity of available educational services,direct,higher_is_better,avg_richness_walk_education_500m,True,Average share (0-1) of the 'education' destination sub-types with at least one destination reachable within 500 m along the pedestrian network,index 0-1,mean,"grid, custom: agebs, custom: manzanas, custom: condesa_lotes, custom: condesa_fraccionamientos, custom: region_mexicali, custom: region_condesa","Over four levels: preschool, primary, secondary and tertiary.  A school combining several levels counts towards each level it serves."
16,"Health, education and care access",Social infrastructure,Carl,"180, 246, 379",Diversity of available educational services,direct,higher_is_better,avg_count_walk_education__preschool_500m,True,"Average number of 'preschool' destinations, a sub-type of 'education', reachable within 500 m along the pedestrian network",count,mean,"grid, custom: agebs, custom: manzanas, custom: condesa_lotes, custom: condesa_fraccionamientos, custom: region_mexicali, custom: region_condesa","Over four levels: preschool, primary, secondary and tertiary.  A school combining several levels counts towards each level it serves."
16,"Health, education and care access",Social infrastructure,Carl,"180, 246, 379",Diversity of available educational services,direct,higher_is_better,avg_count_walk_education__primary_500m,True,"Average number of 'primary' destinations, a sub-type of 'education', reachable within 500 m along the pedestrian network",count,mean,"grid, custom: agebs, custom: manzanas, custom: condesa_lotes, custom: condesa_fraccionamientos, custom: region_mexicali, custom: region_condesa","Over four levels: preschool, primary, secondary and tertiary.  A school combining several levels counts towards each level it serves."
16,"Health, education and care access",Social infrastructure,Carl,"180, 246, 379",Diversity of available educational services,direct,higher_is_better,avg_count_walk_education__secondary_500m,True,"Average number of 'secondary' destinations, a sub-type of 'education', reachable within 500 m along the pedestrian network",count,mean,"grid, custom: agebs, custom: manzanas, custom: condesa_lotes, custom: condesa_fraccionamientos, custom: region_mexicali, custom: region_condesa","Over four levels: preschool, primary, secondary and tertiary.  A school combining several levels counts towards each level it serves."
16,"Health, education and care access",Social infrastructure,Carl,"180, 246, 379",Diversity of available educational services,direct,higher_is_better,avg_count_walk_education__tertiary_500m,True,"Average number of 'tertiary' destinations, a sub-type of 'education', reachable within 500 m along the pedestrian network",count,mean,"grid, custom: agebs, custom: manzanas, custom: condesa_lotes, custom: condesa_fraccionamientos, custom: region_mexicali, custom: region_condesa","Over four levels: preschool, primary, secondary and tertiary.  A school combining several levels counts towards each level it serves."
16,"Health, education and care access",Social infrastructure,Carl,"97, 101, 170",Access to health & health care services,direct,higher_is_better,pct_access_walk_denue_primary_healthcare_500m,True,Percentage of population with walking access within 500 m to 'denue primary healthcare' (custom destination),percent,percentage,"grid, custom: agebs, custom: manzanas, custom: condesa_lotes, custom: condesa_fraccionamientos, custom: region_mexicali, custom: region_condesa",
16,"Health, education and care access",Social infrastructure,Carl,"97, 101, 170",Access to health & health care services,direct,higher_is_better,pct_access_walk_denue_medical_clinic_500m,True,Percentage of population with walking access within 500 m to 'denue medical clinic' (custom destination),percent,percentage,"grid, custom: agebs, custom: manzanas, custom: condesa_lotes, custom: condesa_fraccionamientos, custom: region_mexicali, custom: region_condesa",
16,"Health, education and care access",Social infrastructure,Carl,"97, 101, 170",Access to health & health care services,direct,higher_is_better,pct_access_walk_denue_hospital_500m,True,Percentage of population with walking access within 500 m to 'denue hospital' (custom destination),percent,percentage,"grid, custom: agebs, custom: manzanas, custom: condesa_lotes, custom: condesa_fraccionamientos, custom: region_mexicali, custom: region_condesa",
16,"Health, education and care access",Social infrastructure,Carl,"97, 101, 170",Access to health & health care services,direct,higher_is_better,pct_access_walk_denue_pharmacy_500m,True,Percentage of population with walking access within 500 m to 'denue pharmacy' (custom destination),percent,percentage,"grid, custom: agebs, custom: manzanas, custom: condesa_lotes, custom: condesa_fraccionamientos, custom: region_mexicali, custom: region_condesa",
16,"Health, education and care access",Social infrastructure,Carl,"97, 101, 170",Diversity of available health & health care services,direct,higher_is_better,avg_diversity_walk_health_care_500m,True,"Average diversity (0-1) of the 'health care' destination sub-types reachable within 500 m along the pedestrian network: the Shannon entropy of the counts of each sub-type, normalised by the number of sub-types defined, so that 1 is an even spread across all of them and 0 is one sub-type only, or nothing reachable at all",index 0-1,mean,"grid, custom: agebs, custom: manzanas, custom: condesa_lotes, custom: condesa_fraccionamientos, custom: region_mexicali, custom: region_condesa",
16,"Health, education and care access",Social infrastructure,Carl,"97, 101, 170",Diversity of available health & health care services,direct,higher_is_better,avg_diversity_walk_health_care_1000m,True,"Average diversity (0-1) of the 'health care' destination sub-types reachable within 1000 m along the pedestrian network: the Shannon entropy of the counts of each sub-type, normalised by the number of sub-types defined, so that 1 is an even spread across all of them and 0 is one sub-type only, or nothing reachable at all",index 0-1,mean,"grid, custom: agebs, custom: manzanas, custom: condesa_lotes, custom: condesa_fraccionamientos, custom: region_mexicali, custom: region_condesa",
16,"Health, education and care access",Social infrastructure,Carl,"97, 101, 170",Diversity of available health & health care services,direct,higher_is_better,avg_richness_walk_health_care_500m,True,Average share (0-1) of the 'health care' destination sub-types with at least one destination reachable within 500 m along the pedestrian network,index 0-1,mean,"grid, custom: agebs, custom: manzanas, custom: condesa_lotes, custom: condesa_fraccionamientos, custom: region_mexicali, custom: region_condesa",
16,"Health, education and care access",Social infrastructure,Carl,"97, 101, 170",Diversity of available health & health care services,direct,higher_is_better,avg_count_walk_health_care__primary_healthcare_500m,True,"Average number of 'primary healthcare' destinations, a sub-type of 'health care', reachable within 500 m along the pedestrian network",count,mean,"grid, custom: agebs, custom: manzanas, custom: condesa_lotes, custom: condesa_fraccionamientos, custom: region_mexicali, custom: region_condesa",
16,"Health, education and care access",Social infrastructure,Carl,"97, 101, 170",Diversity of available health & health care services,direct,higher_is_better,avg_count_walk_health_care__specialist_clinic_500m,True,"Average number of 'specialist clinic' destinations, a sub-type of 'health care', reachable within 500 m along the pedestrian network",count,mean,"grid, custom: agebs, custom: manzanas, custom: condesa_lotes, custom: condesa_fraccionamientos, custom: region_mexicali, custom: region_condesa",
16,"Health, education and care access",Social infrastructure,Carl,"97, 101, 170",Diversity of available health & health care services,direct,higher_is_better,avg_count_walk_health_care__hospital_500m,True,"Average number of 'hospital' destinations, a sub-type of 'health care', reachable within 500 m along the pedestrian network",count,mean,"grid, custom: agebs, custom: manzanas, custom: condesa_lotes, custom: condesa_fraccionamientos, custom: region_mexicali, custom: region_condesa",
16,"Health, education and care access",Social infrastructure,Carl,"97, 101, 170",Diversity of available health & health care services,direct,higher_is_better,avg_count_walk_health_care__pharmacy_500m,True,"Average number of 'pharmacy' destinations, a sub-type of 'health care', reachable within 500 m along the pedestrian network",count,mean,"grid, custom: agebs, custom: manzanas, custom: condesa_lotes, custom: condesa_fraccionamientos, custom: region_mexicali, custom: region_condesa",
16,"Health, education and care access",Social infrastructure,Carl,"97, 101, 170",Diversity of available health & health care services,direct,higher_is_better,avg_count_walk_health_care__care_support_500m,True,"Average number of 'care support' destinations, a sub-type of 'health care', reachable within 500 m along the pedestrian network",count,mean,"grid, custom: agebs, custom: manzanas, custom: condesa_lotes, custom: condesa_fraccionamientos, custom: region_mexicali, custom: region_condesa",
16,"Health, education and care access",Social infrastructure,Carl,,Access to care services,direct,higher_is_better,pct_access_walk_denue_care_support_500m,True,Percentage of population with walking access within 500 m to 'denue care support' (custom destination),percent,percentage,"grid, custom: agebs, custom: manzanas, custom: condesa_lotes, custom: condesa_fraccionamientos, custom: region_mexicali, custom: region_condesa",
16,"Health, education and care access",Social infrastructure,Carl,,Access to care services,direct,higher_is_better,pct_access_walk_denue_childcare_500m,True,Percentage of population with walking access within 500 m to 'denue childcare' (custom destination),percent,percentage,"grid, custom: agebs, custom: manzanas, custom: condesa_lotes, custom: condesa_fraccionamientos, custom: region_mexicali, custom: region_condesa",
16,"Health, education and care access",Social infrastructure,Carl,,Access to care services,direct,higher_is_better,avg_walk_dist_denue_childcare,True,Average distance (m) along the pedestrian network to the nearest 'denue childcare' (custom destination),metres,mean,"grid, custom: agebs, custom: manzanas, custom: condesa_lotes, custom: condesa_fraccionamientos, custom: region_mexicali, custom: region_condesa",
17,"Community, culture and recreation access",Social infrastructure,Carl,"4, 46, 58, 121, 134, 225, 228, 257, 394","Access to community, culture and recreation services",direct,higher_is_better,pct_access_walk_denue_community_500m,True,Percentage of population with walking access within 500 m to 'denue community' (custom destination),percent,percentage,"grid, custom: agebs, custom: manzanas, custom: condesa_lotes, custom: condesa_fraccionamientos, custom: region_mexicali, custom: region_condesa","Delivered as the four functional categories separately rather than pooled, which answers the workbook's open question about splitting this into community, cultural and recreational."
17,"Community, culture and recreation access",Social infrastructure,Carl,"4, 46, 58, 121, 134, 225, 228, 257, 394","Access to community, culture and recreation services",direct,higher_is_better,pct_access_walk_denue_culture_500m,True,Percentage of population with walking access within 500 m to 'denue culture' (custom destination),percent,percentage,"grid, custom: agebs, custom: manzanas, custom: condesa_lotes, custom: condesa_fraccionamientos, custom: region_mexicali, custom: region_condesa","Delivered as the four functional categories separately rather than pooled, which answers the workbook's open question about splitting this into community, cultural and recreational."
17,"Community, culture and recreation access",Social infrastructure,Carl,"4, 46, 58, 121, 134, 225, 228, 257, 394","Access to community, culture and recreation services",direct,higher_is_better,pct_access_walk_denue_sport_500m,True,Percentage of population with walking access within 500 m to 'denue sport' (custom destination),percent,percentage,"grid, custom: agebs, custom: manzanas, custom: condesa_lotes, custom: condesa_fraccionamientos, custom: region_mexicali, custom: region_condesa","Delivered as the four functional categories separately rather than pooled, which answers the workbook's open question about splitting this into community, cultural and recreational."
17,"Community, culture and recreation access",Social infrastructure,Carl,"4, 46, 58, 121, 134, 225, 228, 257, 394","Access to community, culture and recreation services",direct,higher_is_better,pct_access_walk_denue_recreation_500m,True,Percentage of population with walking access within 500 m to 'denue recreation' (custom destination),percent,percentage,"grid, custom: agebs, custom: manzanas, custom: condesa_lotes, custom: condesa_fraccionamientos, custom: region_mexicali, custom: region_condesa","Delivered as the four functional categories separately rather than pooled, which answers the workbook's open question about splitting this into community, cultural and recreational."
17,"Community, culture and recreation access",Social infrastructure,Carl,"4, 46, 58, 121, 134, 225, 228, 257, 394","Diversity of community, culture and recreation services",direct,higher_is_better,avg_diversity_walk_community_culture_recreation_500m,True,"Average diversity (0-1) of the 'community culture recreation' destination sub-types reachable within 500 m along the pedestrian network: the Shannon entropy of the counts of each sub-type, normalised by the number of sub-types defined, so that 1 is an even spread across all of them and 0 is one sub-type only, or nothing reachable at all",index 0-1,mean,"grid, custom: agebs, custom: manzanas, custom: condesa_lotes, custom: condesa_fraccionamientos, custom: region_mexicali, custom: region_condesa","This is the Calculation guide's ""capped weighted diversity score"" for the community/recreation domain, computed as normalised entropy so the cap is inherent rather than applied afterwards."
17,"Community, culture and recreation access",Social infrastructure,Carl,"4, 46, 58, 121, 134, 225, 228, 257, 394","Diversity of community, culture and recreation services",direct,higher_is_better,avg_diversity_walk_community_culture_recreation_1000m,True,"Average diversity (0-1) of the 'community culture recreation' destination sub-types reachable within 1000 m along the pedestrian network: the Shannon entropy of the counts of each sub-type, normalised by the number of sub-types defined, so that 1 is an even spread across all of them and 0 is one sub-type only, or nothing reachable at all",index 0-1,mean,"grid, custom: agebs, custom: manzanas, custom: condesa_lotes, custom: condesa_fraccionamientos, custom: region_mexicali, custom: region_condesa","This is the Calculation guide's ""capped weighted diversity score"" for the community/recreation domain, computed as normalised entropy so the cap is inherent rather than applied afterwards."
17,"Community, culture and recreation access",Social infrastructure,Carl,"4, 46, 58, 121, 134, 225, 228, 257, 394","Diversity of community, culture and recreation services",direct,higher_is_better,avg_richness_walk_community_culture_recreation_500m,True,Average share (0-1) of the 'community culture recreation' destination sub-types with at least one destination reachable within 500 m along the pedestrian network,index 0-1,mean,"grid, custom: agebs, custom: manzanas, custom: condesa_lotes, custom: condesa_fraccionamientos, custom: region_mexicali, custom: region_condesa","This is the Calculation guide's ""capped weighted diversity score"" for the community/recreation domain, computed as normalised entropy so the cap is inherent rather than applied afterwards."
17,"Community, culture and recreation access",Social infrastructure,Carl,"4, 46, 58, 121, 134, 225, 228, 257, 394","Diversity of community, culture and recreation services",direct,higher_is_better,avg_count_walk_community_culture_recreation__community_500m,True,"Average number of 'community' destinations, a sub-type of 'community culture recreation', reachable within 500 m along the pedestrian network",count,mean,"grid, custom: agebs, custom: manzanas, custom: condesa_lotes, custom: condesa_fraccionamientos, custom: region_mexicali, custom: region_condesa","This is the Calculation guide's ""capped weighted diversity score"" for the community/recreation domain, computed as normalised entropy so the cap is inherent rather than applied afterwards."
17,"Community, culture and recreation access",Social infrastructure,Carl,"4, 46, 58, 121, 134, 225, 228, 257, 394","Diversity of community, culture and recreation services",direct,higher_is_better,avg_count_walk_community_culture_recreation__culture_500m,True,"Average number of 'culture' destinations, a sub-type of 'community culture recreation', reachable within 500 m along the pedestrian network",count,mean,"grid, custom: agebs, custom: manzanas, custom: condesa_lotes, custom: condesa_fraccionamientos, custom: region_mexicali, custom: region_condesa","This is the Calculation guide's ""capped weighted diversity score"" for the community/recreation domain, computed as normalised entropy so the cap is inherent rather than applied afterwards."
17,"Community, culture and recreation access",Social infrastructure,Carl,"4, 46, 58, 121, 134, 225, 228, 257, 394","Diversity of community, culture and recreation services",direct,higher_is_better,avg_count_walk_community_culture_recreation__sport_500m,True,"Average number of 'sport' destinations, a sub-type of 'community culture recreation', reachable within 500 m along the pedestrian network",count,mean,"grid, custom: agebs, custom: manzanas, custom: condesa_lotes, custom: condesa_fraccionamientos, custom: region_mexicali, custom: region_condesa","This is the Calculation guide's ""capped weighted diversity score"" for the community/recreation domain, computed as normalised entropy so the cap is inherent rather than applied afterwards."
17,"Community, culture and recreation access",Social infrastructure,Carl,"4, 46, 58, 121, 134, 225, 228, 257, 394","Diversity of community, culture and recreation services",direct,higher_is_better,avg_count_walk_community_culture_recreation__recreation_500m,True,"Average number of 'recreation' destinations, a sub-type of 'community culture recreation', reachable within 500 m along the pedestrian network",count,mean,"grid, custom: agebs, custom: manzanas, custom: condesa_lotes, custom: condesa_fraccionamientos, custom: region_mexicali, custom: region_condesa","This is the Calculation guide's ""capped weighted diversity score"" for the community/recreation domain, computed as normalised entropy so the cap is inherent rather than applied afterwards."
18,Neighborhood parks,Social infrastructure,Carl,,Access to neighbourhood parks,direct,higher_is_better,pct_access_500m_public_open_space_any_score,True,Percentage of population with access within 500 m of any public open space (source: OpenStreetMap),percent,percentage,"grid, custom: manzanas, custom: condesa_lotes",Same underlying measure as core measure 7; reported once.
18,Neighborhood parks,Social infrastructure,Carl,,Access to neighbourhood parks,direct,higher_is_better,avg_walk_dist_public_open_space_any,True,Average distance (m) along the pedestrian network to the nearest public open space (source: OpenStreetMap),metres,mean,"grid, custom: agebs, custom: manzanas, custom: condesa_lotes, custom: condesa_fraccionamientos, custom: region_mexicali, custom: region_condesa",Same underlying measure as core measure 7; reported once.
19,Access to employment,Economic development,Carl,112,Reachable jobs,proxy,higher_is_better,pct_access_walk_denue_employer_medium_1000m,True,Percentage of population with walking access within 1000 m to 'denue employer medium' (custom destination),percent,percentage,"grid, custom: agebs, custom: manzanas, custom: condesa_lotes, custom: condesa_fraccionamientos, custom: region_mexicali, custom: region_condesa","DENUE records employment as a size band, not a headcount, so a gravity-weighted reachable-jobs score cannot be computed from it.  Per the workbook's own note, call this employment-establishment accessibility rather than jobs accessibility."
19,Access to employment,Economic development,Carl,112,Reachable jobs,proxy,higher_is_better,avg_walk_dist_denue_employer_medium,True,Average distance (m) along the pedestrian network to the nearest 'denue employer medium' (custom destination),metres,mean,"grid, custom: agebs, custom: manzanas, custom: condesa_lotes, custom: condesa_fraccionamientos, custom: region_mexicali, custom: region_condesa","DENUE records employment as a size band, not a headcount, so a gravity-weighted reachable-jobs score cannot be computed from it.  Per the workbook's own note, call this employment-establishment accessibility rather than jobs accessibility."
19,Access to employment,Economic development,Carl,112,Reachable jobs,proxy,higher_is_better,pct_access_walk_denue_employment_any_1000m,True,Percentage of population with walking access within 1000 m to 'denue employment any' (custom destination),percent,percentage,"grid, custom: agebs, custom: manzanas, custom: condesa_lotes, custom: condesa_fraccionamientos, custom: region_mexicali, custom: region_condesa","DENUE records employment as a size band, not a headcount, so a gravity-weighted reachable-jobs score cannot be computed from it.  Per the workbook's own note, call this employment-establishment accessibility rather than jobs accessibility."
19,Access to employment,Economic development,Carl,127,Access to manufacturing district / centre,direct,non_monotonic,avg_walk_dist_denue_manufacturing,True,Average distance (m) along the pedestrian network to the nearest 'denue manufacturing' (custom destination),metres,mean,"grid, custom: agebs, custom: manzanas, custom: condesa_lotes, custom: condesa_fraccionamientos, custom: region_mexicali, custom: region_condesa",Direction is genuinely ambiguous and should not be forced: proximity is an employment opportunity and an exposure to air and noise pollution at the same time.  Highly relevant as Condesa has manufacturing nearby.
19,Access to employment,Economic development,Carl,,Job diversity,not_covered,higher_is_better,,False,,,,,Feasible with the machinery now in place -- a diversity set over SCIAN sectors would do it -- but the sub-variable is unassigned and the sector grouping has not been agreed.
22,Level of Traffic Stress for Cycling,Safety; Mobility & Transport; Built Infrastructure,Carl,,Cycling access and distance to destinations by level of traffic stress,direct,higher_is_better,pct_access_cycle_fresh_food_market_1000m,True,"Percentage of population with cycling access within 1000 m to a fresh food market / supermarket (source: OpenStreetMap or custom data), using a danger-weighted route over the full cycling network (higher-stress links usable at a proportionate distance penalty)",percent,percentage,"grid, custom: agebs, custom: manzanas, custom: condesa_lotes, custom: condesa_fraccionamientos, custom: region_mexicali, custom: region_condesa","A suite rather than a single variable, as the workbook notes.  Access is reported over the plain cycling network and over the low-stress (LTS <= 2) network, the contrast between them being the measure of traffic stress.  Note the cycling analysis measures the *global* destination set, not the DENUE categories: the region declares its destinations under 'pedestrian' precisely so that cycling stays comparable with other cities."
22,Level of Traffic Stress for Cycling,Safety; Mobility & Transport; Built Infrastructure,Carl,,Cycling access and distance to destinations by level of traffic stress,direct,higher_is_better,pct_access_cycle_safe_fresh_food_market_1000m,True,"Percentage of population with cycling access within 1000 m to a fresh food market / supermarket (source: OpenStreetMap or custom data), using a fully low-stress route (Level of Traffic Stress 1–2)",percent,percentage,"grid, custom: agebs, custom: manzanas, custom: condesa_lotes, custom: condesa_fraccionamientos, custom: region_mexicali, custom: region_condesa","A suite rather than a single variable, as the workbook notes.  Access is reported over the plain cycling network and over the low-stress (LTS <= 2) network, the contrast between them being the measure of traffic stress.  Note the cycling analysis measures the *global* destination set, not the DENUE categories: the region declares its destinations under 'pedestrian' precisely so that cycling stays comparable with other cities."
22,Level of Traffic Stress for Cycling,Safety; Mobility & Transport; Built Infrastructure,Carl,,Cycling access and distance to destinations by level of traffic stress,direct,higher_is_better,avg_cycle_dist_fresh_food_market,True,"Average distance (m) by cycling to the nearest fresh food market / supermarket (source: OpenStreetMap or custom data), using a danger-weighted route over the full cycling network (higher-stress links usable at a proportionate distance penalty)",metres,mean,"grid, custom: agebs, custom: manzanas, custom: condesa_lotes, custom: condesa_fraccionamientos, custom: region_mexicali, custom: region_condesa","A suite rather than a single variable, as the workbook notes.  Access is reported over the plain cycling network and over the low-stress (LTS <= 2) network, the contrast between them being the measure of traffic stress.  Note the cycling analysis measures the *global* destination set, not the DENUE categories: the region declares its destinations under 'pedestrian' precisely so that cycling stays comparable with other cities."
22,Level of Traffic Stress for Cycling,Safety; Mobility & Transport; Built Infrastructure,Carl,,Cycling access and distance to destinations by level of traffic stress,direct,higher_is_better,avg_cycle_dist_safe_fresh_food_market,True,"Average distance (m) by cycling to the nearest fresh food market / supermarket (source: OpenStreetMap or custom data), using a fully low-stress route (Level of Traffic Stress 1–2)",metres,mean,"grid, custom: agebs, custom: manzanas, custom: condesa_lotes, custom: condesa_fraccionamientos, custom: region_mexicali, custom: region_condesa","A suite rather than a single variable, as the workbook notes.  Access is reported over the plain cycling network and over the low-stress (LTS <= 2) network, the contrast between them being the measure of traffic stress.  Note the cycling analysis measures the *global* destination set, not the DENUE categories: the region declares its destinations under 'pedestrian' precisely so that cycling stays comparable with other cities."
23,Walkability Index,Built environment; Mobility & Transport; Social Infrastructure,Carl,74,Walkability index,complementary,higher_is_better,local_walkability,True,Average walkability index of sample points in this area,index (sum of z-scores),mean,"city, grid, custom: agebs, custom: manzanas, custom: condesa_lotes, custom: condesa_fraccionamientos, custom: region_mexicali, custom: region_condesa","The definitions differ and should not be silently substituted for one another.  GHSCI sums z-scores of the daily living score, neighbourhood population density and intersection density.  The workbook specifies z-scored net residential density + commercial land use proportion + 2 x connectivity + land use mix.  Both the GHSCI index and its components are delivered in natural units so the workbook's version can be assembled centrally; land use mix and commercial land use proportion come from the municipal land use layer (WP06), not from us."
23,Walkability Index,Built environment; Mobility & Transport; Social Infrastructure,Carl,74,Walkability index,complementary,higher_is_better,pop_walkability,True,Average walkability index (population weighted),index (sum of z-scores),mean,"city, custom: agebs, custom: condesa_fraccionamientos, custom: region_mexicali, custom: region_condesa","The definitions differ and should not be silently substituted for one another.  GHSCI sums z-scores of the daily living score, neighbourhood population density and intersection density.  The workbook specifies z-scored net residential density + commercial land use proportion + 2 x connectivity + land use mix.  Both the GHSCI index and its components are delivered in natural units so the workbook's version can be assembled centrally; land use mix and commercial land use proportion come from the municipal land use layer (WP06), not from us."
23,Walkability Index,Built environment; Mobility & Transport; Social Infrastructure,Carl,"230, 120, 74",Net residential density,proxy,higher_is_better,local_nh_population_density,True,Average walkable neighbourhood population density (population per km²) of sample points in this area,persons per km²,mean,"city, grid, custom: agebs, custom: manzanas, custom: condesa_lotes, custom: condesa_fraccionamientos, custom: region_mexicali, custom: region_condesa","GHSCI computes population density over the walkable neighbourhood, not dwelling density over residential land."
23,Walkability Index,Built environment; Mobility & Transport; Social Infrastructure,Carl,"362, 74",Street connectivity,direct,higher_is_better,local_nh_intersection_density,True,Average walkable neighbourhood intersection density (intersections per km²) of sample points in this area,count per km²,mean,"city, grid, custom: agebs, custom: manzanas, custom: condesa_lotes, custom: condesa_fraccionamientos, custom: region_mexicali, custom: region_condesa",
23,Walkability Index,Built environment; Mobility & Transport; Social Infrastructure,Carl,"116, 74",Land use mix,not_covered,higher_is_better,,False,,,,,"From the municipal land use layer (USOS_DE_SUELO_EXITS_24), not from GHSCI.  Note the workbook's formula for it is the same normalised entropy used for the diversity measures above, so the two are directly comparable in form if not in input."
24,Cycling infrastructure presence,Safety; Mobility & Transport; Built Infrastructure,Alejandro,,Bicycle lane coverage,component,higher_is_better,,False,,,,,"Not assigned to us, but derivable at no extra cost from the level of traffic stress network already built: length by LTS class over total network length.  Offered rather than assumed."
